FTFT,FTTT,FTTT,FTTT,FTTT,FTTT,FTTT,FTTT,FTTT,FTTT,FTTT,FTTT,FTTT,FTTT,FTTT,FTTT,FTTT,FTTT,FTTT,FTTT,FTTT,FTTT,FTTT,FTTT,FTTT,FTTT,FTTT,FTTT,FTTF,d
TTFT,TTTT,TTTT,TTTT,TTTT,TTTT,TTTT,TTTT,TTTT,TTTT,TTTT,TTTT,TTTT,TTTT,TTTT,TTTT,TTTT,TTTT,TTTT,TTTT,TTTT,TTTT,TTTT,TTTT,TTTT,TTTT,TTTT,TTTT,TTTF,d
TTFT,TTTT,TTTT,TTTT,TTTT,TTTT,TTTT,TTTT,TTTT,TTTT,TTTT,TTTT,TTTT,TTTT,TTTT,TTTT,TTTT,TTTT,TTTT,TTTT,TTTT,TTTT,TTTT,TTTT,TTTT,TTTT,TTTT,TTTT,TTTF,d
TTFT,TTTT,TTTT,TTTT,TTTT,TTTT,TTTT,TTTT,TTTT,TTTT,TTTT,TTTT,TTTT,TTTT,TTTT,TTTT,TTTT,TTTT,TTTT,TTTT,TTTT,TTTT,TTTT,TTTT,TTTT,TTTT,TTTT,TTTT,TTTF,d
TTFT,TTTT,TTTT,TTTT,TTTT,TTTT,TTTT,TTTT,TTTT,TTTT,TTTT,TTTT,TTTT,TTTT,TTTT,TTTT,TTTT,TTTT,TTTT,TTTT,TTTT,TTTT,TTTT,TTTT,TTTT,TTTT,TTTT,TTTT,TTTF,d
TTFT,TTTT,TTTT,TTTT,TTTT,TTTT,TTTT,TTTT,TTTT,TTTT,TTTT,TTTT,TTTT,TTTT,TTTT,TTTT,TTTT,TTTT,TTTT,TTTT,TTTT,TTTT,TTTT,TTTT,TTTT,TTTT,TTTT,TTTT,TTTF,d
TTFT,TTTT,TTTT,TTTT,TTTT,TTTT,TTTT,TTTT,TTTT,TTTT,TTTT,TTTT,TTTT,TTTT,TTTT,TTTT,TTTT,TTTT,TTTT,TTTT,TTTT,TTTT,TTTT,TTTT,TTTT,TTTT,TTTT,TTTT,TTTF,d
TTFT,TTTT,TTTT,TTTT,TTTT,TTTT,TTTT,TTTT,TTTT,TTTT,TTTT,TTTT,TTTT,TTTT,TTTT,TTTT,TTTT,TTTT,TTTT,TTTT,TTTT,TTTT,TTTT,TTTT,TTTT,TTTT,TTTT,TTTT,TTTF,d
TTFT,TTTT,TTTT,TTTT,TTTT,TTTT,TTTT,TTTT,TTTT,TTTT,TTTT,TTTT,TTTT,TTTT,TTTT,TTTT,TTTT,TTTT,TTTT,TTTT,TTTT,TTTT,TTTT,TTTT,TTTT,TTTT,TTTT,TTTT,TTTF,d
TTFT,TTTT,TTTT,TTTT,TTTT,TTTT,TTTT,TTTT,TTTT,TTTT,TTTT,TTTT,TTTT,TTTT,TTTT,TTTT,TTTT,TTTT,TTTT,TTTT,TTTT,TTTT,TTTT,TTTT,TTTT,TTTT,TTTT,TTTT,TTTF,d
TTFT,TTTT,TTTT,TTTT,TTTT,TTTT,TTTT,TTTT,TTTT,TTTT,TTTT,TTTT,TTTT,TTTT,TTTT,TTTT,TTTT,TTTT,TTTT,TTTT,TTTT,TTTT,TTTT,TTTT,TTTT,TTTT,TTTT,TTTT,TTTF,d
TTFT,TTTT,TTTT,TTTT,TTTT,TTTT,TTTT,TTTT,TTTT,TTTT,TTTT,TTTT,TTTT,TTTT,TTTT,TTTT,TTTT,TTTT,TTTT,TTTT,TTTT,TTTT,TTTT,TTTT,TTTT,TTTT,TTTT,TTTT,TTTF,d
TTFT,TTTT,TTTT,TTTT,TTTT,TTTT,TTTT,TTTT,TTTT,TTTT,TTTT,TTTT,TTTT,TTTT,TTTT,TTTT,TTTT,TTTT,TTTT,TTTT,TTTT,TTTT,TTTT,TTTT,TTTT,TTTT,TTTT,TTTT,TTTF,d
TTFT,TTTT,TTTT,TTTT,TTTT,TTTT,TTTT,TTTT,TTTT,TTTT,TTTT,TTTT,TTTT,TTTT,TTTT,TTTT,TTTT,TTTT,TTTT,TTTT,TTTT,TTTT,TTTT,TTTT,TTTT,TTTT,TTTT,TTTT,TTTF,d
TTFT,TTTT,TTTT,TTTT,TTTT,TTTT,TTTT,TTTT,TTTT,TTTT,TTTT,TTTT,TTTT,TTTT,TTTT,TTTT,TTTT,TTTT,TTTT,TTTT,TTTT,TTTT,TTTT,TTTT,TTTT,TTTT,TTTT,TTTT,TTTF,d
TTFT,TTTT,TTTT,TTTT,TTTT,TTTT,TTTT,TTTT,TTTT,TTTT,TTTT,TTTT,TTTT,TTTT,TTTT,TTTT,TTTT,TTTT,TTTT,TTTT,TTTT,TTTT,TTTT,TTTT,TTTT,TTTT,TTTT,TTTT,TTTF,d
TTFT,TTTT,TTTT,TTTT,TTTT,TTTT,TTTT,TTTT,TTTT,TTTT,TTTT,TTTT,TTTT,TTTT,TTTT,TTTT,TTTT,TTTT,TTTT,TTTT,TTTT,TTTT,TTTT,TTTT,TTTT,TTTT,TTTT,TTTT,TTTF,d
TTFT,TTTT,TTTT,TTTT,TTTT,TTTT,TTTT,TTTT,TTTT,TTTT,TTTT,TTTT,TTTT,TTTT,TTTT,TTTT,TTTT,TTTT,TTTT,TTTT,TTTT,TTTT,TTTT,TTTT,TTTT,TTTT,TTTT,TTTT,TTTF,d
TTFT,TTTT,TTTT,TTTT,TTTT,TTTT,TTTT,TTTT,TTTT,TTTT,TTTT,TTTT,TTTT,TTTT,TTTT,TTTT,TTTT,TTTT,TTTT,TTTT,TTTT,TTTT,TTTT,TTTT,TTTT,TTTT,TTTT,TTTT,TTTF,d
TTFT,TTTT,TTTT,TTTT,TTTT,TTTT,TTTT,TTTT,TTTT,TTTT,TTTT,TTTT,TTTT,TTTT,TTTT,TTTT,TTTT,TTTT,TTTT,TTTT,TTTT,TTTT,TTTT,TTTT,TTTT,TTTT,TTTT,TTTT,TTTF,d
TTFT,TTTT,TTTT,TTTT,TTTT,TTTT,TTTT,TTTT,TTTT,TTTT,TTTT,TTTT,TTTT,TTTT,TTTT,TTTT,TTTT,TTTT,TTTT,TTTT,TTTT,TTTT,TTTT,TTTT,TTTT,TTTT,TTTT,TTTT,TTTF,d
TTFT,TTTT,TTTT,TTTT,TTTT,TTTT,TTTT,TTTT,TTTT,TTTT,TTTT,TTTT,TTTT,TTTT,TTTT,TTTT,TTTT,TTTT,TTTT,TTTT,TTTT,TTTT,TTTT,TTTT,TTTT,TTTT,TTTT,TTTT,TTTF,d
TTFT,TTTT,TTTT,TTTT,TTTT,TTTT,TTTT,TTTT,TTTT,TTTT,TTTT,TTTT,TTTT,TTTT,TTTT,TTTT,TTTT,TTTT,TTTT,TTTT,TTTT,TTTT,TTTT,TTTT,TTTT,TTTT,TTTT,TTTT,TTTF,d
TTFT,TTTT,TTTT,TTTT,TTTT,TTTT,TTTT,TTTT,TTTT,TTTT,TTTT,TTTT,TTTT,TTTT,TTTT,TTTT,TTTT,TTTT,TTTT,TTTT,TTTT,TTTT,TTTT,TTTT,TTTT,TTTT,TTTT,TTTT,TTTF,d
TTFT,TTTT,TTTT,TTTT,TTTT,TTTT,TTTT,TTTT,TTTT,TTTT,TTTT,TTTT,TTTT,TTTT,TTTT,TTTT,TTTT,TTTT,TTTT,TTTT,TTTT,TTTT,TTTT,TTTT,TTTT,TTTT,TTTT,TTTT,TTTF,d
TTFT,TTTT,TTTT,TTTT,TTTT,TTTT,TTTT,TTTT,TTTT,TTTT,TTTT,TTTT,TTTT,TTTT,TTTT,TTTT,TTTT,TTTT,TTTT,TTTT,TTTT,TTTT,TTTT,TTTT,TTTT,TTTT,TTTT,TTTT,TTTF,d
TTFT,TTTT,TTTT,TTTT,TTTT,TTTT,TTTT,TTTT,TTTT,TTTT,TTTT,TTTT,TTTT,TTTT,TTTT,TTTT,TTTT,TTTT,TTTT,TTTT,TTTT,TTTT,TTTT,TTTT,TTTT,TTTT,TTTT,TTTT,TTTF,d
TTFT,TTTT,TTTT,TTTT,TTTT,TTTT,TTTT,TTTT,TTTT,TTTT,TTTT,TTTT,TTTT,TTTT,TTTT,TTTT,TTTT,TTTT,TTTT,TTTT,TTTT,TTTT,TTTT,TTTT,TTTT,TTTT,TTTT,TTTT,TTTF,d
*TFFT,TFTT,TFTT,TFTT,TFTT,TFTT,TFTT,TFTT,TFTT,TFTT,TFTT,TFTT,TFTT,TFTT,TFTT,TFTT,TFTT,TFTT,TFTT,TFTT,TFTT,TFTT,TFTT,TFTT,TFTT,TFTT,TFTT,TFTT,TFTF,d
